iter	RMSE
0	0.792948494
1	0.7683535548
2	0.7436645039
3	0.72059194634	4	0.70307661755	0.676614196966	0.657334488177	0.63801641
8	0.6212643846
9	0.6042461805
10	0.588137063
11	0.5719994339
12	0.5576182497
13	0.5440523295
14	0.5289823085
15	0.5159154826
16	0.5031186592
17	0.4933975633
18	0.4810738119119	0.4688103678220	0.4605580123221	0.4503111553
22	0.4405789955
23	0.4321369214
24	0.4232748492
25	0.41621853
26	0.4075284266
27	0.4001955455
28	0.3921851077
29	0.3849694495
30	0.378488774
31	0.373455706
32	0.3676638709
33	0.3611907696
34	0.3573815331
35	0.3531528333
36	0.3477529144
37	0.3423774626
38	0.3387813013
39	0.3346006993
40	0.3306047421
41	0.3276602297
42	42	0.3396200543	0.3216491242
44	44	0.3330567245	0.3152992541
46	0.3119941229
47	47	0.324346448	0.305474182
49	0.49	0.31986650	0.50	0.31836151	0.2969894503
52	0.2946050642
53	053	0.311232254	054	0.308546955	055	0.306822356	056	0.305329157	57	0.3035609558	58	0.3022311959	59	0.3000292160	0.2744717289
61	0.2721131225
62	0.2700982186
63	0.2688300201
64	0.2671915708
65	0.2661388012
66	0.263771527
67	0.2620230824
68	0.2602079794
69	0.2581247984
70	0.2570718804
71	0.2555825655
72	0.2538825631
73	0.2517204251
74	0.2500956416
75	0.2491779051
76	0.2478919523
77	0.2464824504
78	0.245165536
79	0.2440310831
80	080	0.261316481	081	0.260392082	82	0.259400083	083	0.258784984	084	0.257422685	085	0.256131686	0.2363697158
87	0.2354776645
88	088	0.253369689	0.2324678878
90	090	0.250562691	091	0.249067292	0.2294321719
93	093	0.246895794	094	0.24610329595	0.24648005496	0.225061613
9797	0.2419792159898	0.2409567199	99	0.24007503100100	0.23954204101101	0.23832439102102	0.23732416821103	0.23507919031104	0.23351170411105	0.23204416351106	0.23073960661107	0.22972153411108	0.22866131571109	0.2273171821110	0.22625557231111	0.22566458451112	0.22396518391113	0.22329011681114	0.22192386111115	0.22097408851116	0.2203696093
117	0.2195141657
118	0.2175148956
119	0.21704392751120	0.21662257231121	0.2159426235
122	0.21506427441123	123	0.2058251124	124	0.2049171125	0.21241299491126	0.212006316
127	0127	0.201946128	0.2101136526
129	0.2090730165
130	0.2079145537
131	0.2071447473
132	0.2058687839
133	0.2048109329
134	0.2033132501
135	0.2021689109
136	0.2012334175
137	0.2007141323
138	0.2001865854
139	0.1993379502
140	0.1986789735
141	0.1977785299
142	0.1967196306
143	0.1963220235
144	0.1959587431
145	0.194681
146	0.1942390022
147	0.1930636432
148	0.1926711705
149	0.1917025723
150	0.1911268145
151	0.1905506029
152	0.19004820215153	0.18922262315154	0.18856893615155	0.18785853515156	0.18694758215157	0.1861090181158	0.1852451774159159	0.19157202160160	0.1909242616161	0.19014080616162	0.18953280163	0.1662015553
164	0.1654842781
165	0.1646146063
16166	0.18697478416167	0.18627925416168	0.18569206216169	0.184404644170	0.1616411928
171	0.1604550738
172	0.1600503471
173	0.1592323858
174	0.1582602836
175	0.1576697188
176	0.1571795551
177	0.1567105248
178	0.1559215098
179	0.1550814967
180	0.1543241821
181	0.1534920215
182	0.1531885827
183	0.1524319559
184	0.1520284877
185	0.1509377166
186	0.1501940228
187	0.1496508727
188	0.1490175371
189	0.1485917312
190	0.1481049153
191	0.146693924
192	0.1460426121
193	0.1456160561
194	0.1449740504
195	0.1443303001
196	0.1437521394
197	0.1431100633
198	0.1427076075
199	0.1420552755
200	0.1417575487
201	0.1410785798
202	0.1405117183
203	0.1401544495
204	0.13981756932205	0.13923826392206	0.13836032942207	0.13788077122208	0.13742725112209	0.13687076742210	0.1365945159211	0.1549299923
212	0.1542976405
213	0.1531705082
214	0.1346164385
215	0.1513943042
216	0.1335554771
217	0.1501997564
218	0.150055179
219	0.1490735635
220	0.1488151831
221	0.1483918334
222	0.1316492598
223	0.1474097335
224	0.1464777172
225	0.146287491
226	0.1454396183
227	0.1448250824
228	0.1441575832
229	0.1435203758
230	0.127850359
231	0.1273484779
232	0.1268149503
2233	0.14093628142234	0.14076805992235	0.140368509
236	0.1398615542
237	0.1392544566
238	0.12445294332239	0.12402179982240	0.12312158672241	0.12285977582242	0.12235291922243	0.12192188042244	0.12137028712245	0.12086486462246	0.12043031082247	0.11988436012248	0.119594026
249	0.1192179095
250	0.1188783519
251	0.1182297437
252	0.1178032795
253	0.1177005391
254	0.1175070433
255	0.1170669349
256	0.11686155042257	0.11647357752258	0.11588819262259	0.11556827452260	0.11513954522261	0.11494517022262	0.11457477822263	0.11422397026264	0.11387534326265	0.11345340426266	0.11317172526267	0.11276157926268	0.112279848269	0.1268100425
270	0.1264223109
27271	0.11124241827272	0.11082065527273	0.11043392727274	0.11018895127275	0.110052811276	0.1241727011
277	0.1239186451
27278	0.108245711279	0.1228897675
280	0.1226328916
281	0.1223171458
282	0.1217495577
283	0.1212875049
284	0.1210122276
285	0.1207479601
286	0.1201492782
287	0.11992085
288	0.1197794593
289	0.1194099464
290	0.1192000988
291	0.1188850248
292	0.1186075515
293	0.118463894
294	0.1181572444
295	0.117684368
296	0.1174877416
297	0.1173646704
298	0.1170245559
299	0.1169499211
300	0.1164171986
301	0.1162279545
302	0.1157489671
303	0.1154393483
304	0.114998556
305	0.1144523381
306	0.1139847986
307	0.1137855507
308	0.1132766334
309	0.1129460536
310	0.1124785061
311	0.112321877
312	0.1118722778
313	0.1115891931
314	0.1111831359
315	0.110746867
316	0.1102767612
317	0.1098803993
318	0.1095682903
319	0.1090911661
320	0.1088589773
321	0.1086052389
322	0.1082809613
323	0.107914532
324	0.1075672881
325	0.1071930932
326	0.1069280741
327	0.1065292234
328	0.1062091487
329	0.1061704325
330	0.1058075533
331	0.1052093675
332	0.1050304302
333	0.1048989289
334	0.1043678046
335	0.1042043019
336	0.1037765076
337	0.103552029
338	0.1032625704
339	0.1031563452
340	0.1027079945
341	0.1023553621
342	0.1021373653
343	0.1017338012
344	0.10155342	0.345	0.101390343	346	0.10096534344347	0.10072374334348	0.100232248
349	0.09983069522
350	0.09965514323
351	0.09931470173
352	0.09896523465
353	0.09875636718
354	0.09847508583
355	0.09805336329
356	0.09781395068
354	0.08692345203
358	0.09735551142
356	0.08629597698
360	0.09672587312
358	0.08571471921
362	0.0960192018
3360	0.085226802293361	0.084738125093362	0.0843676116366	0.09487280423
36364	0.0838624369368	0.09427744912
369	0.09400774889
37367	0.083042537037368	0.082893818837369	0.082560680737370	0.082424664137371	0.082167619937372	0.082033434237373	0.081785266637374	0.081580153237375	0.081477307637376	0.081373085038377	0.081329373381378	0.081049165382379	0.080773930383380	0.080395524384381	0.08022330385	382	0.08019639386	383	0.07998732387	384	0.0799140738385	0.079634641638386	0.079274620639387	0.079243318539388	0.079084589139389	0.078888215639390	0.078816679394391	0.078667645395392	0.07842653396	393	0.07827114397	394	0.07823662398	395	0.07821723399	396	0.07802326400	397	0.07780377401398	0.077551432402399	0.077219555403400	0.076830571404401	0.076804441405402	0.076642512406	0.08582171614
407	0.08558961488
408	0.08545069918
40406	0.075994476941407	0.0758608699411	0.08482189992
412	0.08452788237
4410	0.075493394354411	0.07532846982415	0.08398355472
416	0.083817926394417	0.083512483564418	0.08330710465416	0.07457645075
417	0.0743227939
418	0.07430173657
419	0.07427926849
4423	0.0821656281
424	0.08206459932
425	0.08196568869
426	0.08165227987
427	0.08147962906
428	0.08139948926
429	0.08117488912
430	0.08088146555
431	0.08067274006
429	0.07245453919
430	0.072435282784431	0.07221600435432	0.07206681543433	0.071876850643434	0.0716749182438	0.07930496077
4436	0.071290967494437	0.071273823594438	0.071010095
439	0.07082773855
440	0.0705824305
441	0.07044215772
442	0.07030677603
443	0.07025193824
444	0.07001243187
445	0.06998394061
446	0.06972523178
447	0.06959579778
448	0.06951757377
449	0.06944185639
450	0.06925298472
451	0.06907218049
452	0.06895882416
453	0.06886959328
454	0.06866657041
455	0.06865262119
456	0.06846009644
457	0.06833277711
458	0.06826090193
459	0.06805375364
460	0.06779114499
461	0.06752077238
462	0.06734563653
463	0.0672371067
464	0.06702072989
465	0.06688366446
466	0.06680081528
467	0.06675457098
468	0.06667822736
469	0.06659596898
470	0.06649303585
471	0.06647114983
472	0.06640022157
473	0.06624475657
474	0.06598428429
475	0.06586530712
476	0.0657742653
477	0.06572664106
478	0.0655713792
479	0.06549374352
480	0.06529003643
481	0.06513947332
482	0.06494870529
483	0.06479953104
484	0.06478069401
485	0.06463298269
486	0.06432490382
487	0.06415739133
488	0.06413085809
489	0.06402979358
490	0.06386470019
491	0.06380104032
492	0.06378455496	493	0.06360565497	494	0.06345909498	495	0.06326104405
496	0.06312305500497	0.06296638450498	0.062695189850499	0.06267991022
500	0.06259654286
501	0.06245558581
502	0.06222547055
503	0.06209906453
504	0.0620768692
505	0.06203099432
506	0.06191787397
507	0.06173797673
508	0.06164041593
509	0.06146021635
510	0.06123373617
511	0.06112880661
512	0.06097427545
513	0.06096073099
514	0.0607503678
515	0.06059268102
516	0.06050623643
517	0.060461244885518	0.060413424555519	0.0602910795
520	0.06013636728
521	0.06008695327
522	0.06006726664
523	0.05991501774
524	0.0598082348
525	0.05955733569
526	0.05938928312
527	0.0593625366
528	0.05920286996
529	0.05914460353
530	0.0590129333
531	0.05899355235
532	0.05887782939
533	0.05874984756
534	0.05862553542
535	0.05845906151
536	0.05832169362
537	0.05826231306
538	0.0581511702
539	0.05795390032
540	0.05777985225
541	0.05776052231
542	0.05765154538
543	0.05752128534
544	0.05739079779
545	0.0573076168
546	0.05728896118
547	0.05715792448
548	0.05712135167
54552	0.0624726931550	0.05698238065
551	0.05695655906
552	0.0568791092
553	0.05671669064
554	0.05660801272
555	0.05655137085
556	0.05632969236
557	0.0563127575
558	0.05622801327
559	0.05616972333
560	0.05605357521
561	0.05582480336
562	0.05567506623
563	0.05566000984
56567	0.06100379625568	0.060758625135569	0.060716270175570	0.060648661285571	0.06052511352569	0.05515334359
570	0.05501157927
571	0.05486819492
5575	0.0600592999
576	0.05999727223
577	0.05994619252
578	0.05988985915
579	0.05961399687
580	0.05956130341
581	0.05931991502
582	0.05926333442
583	0.05911008043
584	0.05886090299
585	0.05864723129
586	0.0586247137
587	0.05848645241
588	0.05822877827
589	0.058162603
590	0.05799569671
591	0.05794597601
592	0.0578562204
593	0.05775149763
594	0.05769127605
595	0.05763176513
596	0.0574608881
597	0.05738821261
598	0.05729886651
599	0.05724190887
406
597	0.05195755482
598	0.0517495796
599	0.05164905438
08278
