iter	Passed	Remaining
0	11	6702
1	19	5721
2	25	5152
3	33	5052
4	45	5419
5	49	4939
6	58	4928
7	65	4824
8	76	5009
9	85	5017
10	91	4914
11	100	4914112	107	4872113	116	4858114	123	4835115	133	4864
16	141	4853
17	148	4799
18	153	4697119	161	4685220	168	4634221	178	4698
22	184	4622
23	193	4633
24	200	4600
25	206	4568
26	213	4526227	221	4533
28	228	4505
29	237	4513
30	245	4505
31	251	4464332	257	4424333	265	4425334	270	4369335	276	4325336	283	4310337	288	4268338	294	4233339	299	419440	313	42684441	314	417442	328	42524443	328	415444	342	42264445	344	4144446	350	412447	363	41844448	364	409449	378	4164550	386	4155551	393	41445552	395	408553	407	4119554	413	4100
55	418	4069
56	425	4052
57	431	4031
58	436	4003
59	443	3988
660	447	3950661	453	3939662	461	3932663	468	3926664	476	3916665	485	3928666	494	3935667	501	3923668	508	3911669	517	3916770	525	3912771	531	3898772	538	3887773	545	3877774	552	3867775	559	3858776	565	3841777	573	3835778	579	3824779	586	381280	595	3817
81	603	3813
82	610	3801883	616	37898884	621	376485	633	3786
86	640	3778
887	644	375288	654	3759
889	658	373490	669	3743
91	676	3734
992	677	369593	689	3709
94	696	3702
995	697	3663996	705	365997	717	3675
98	724	3665999	730	36531100	738	36481101	745	36411102	753	3635
103	759	36211104	764	3605
105	774	3610
106	781	3600
107	785	35801108	794	3579
109	801	3571
110	808	35591111	815	35541112	824	35551113	832	35471114	840	35441115	848	35381116	857	35411117	865	35331118	872	35251119	878	35141120	885	35071121	893	35011122	899	3487123	924	3550
124	931	3540
1125	921	34661126	928	34571127	934	34441128	941	34361129	949	34331130	957	34281131	967	34301132	974	34201133	981	34121134	990	3411
135	999	3410
136	1005	3397
137	1014	3396
138	1022	3390
139	1030	3386
140	1038	3380
141	1047	3379
142	1054	3370
143	1064	3371
144	1070	3359
145	1078	3353
146	1084	3343
147	1091	3333
148	1099	3327
149	1105	3317
150	1113	3311
151	1121	3305
152	1129	33015153	1136	32915154	1144	32815155	1153	32815156	1161	32715157	1169	32715158	1176	32615159	1195	32816160	1205	32816161	1213	32716162	1220	327163	1211	3220
164	1222	3223
16165	1254	32716166	1279	33116167	1296	33316168	1312	33416169	1325	335170	1323	3319
171	1336	3326
172	1355	3346
173	1377	3371
174	1395	3388
175	1405	3385
176	1418	3389
177	1432	3396
178	1443	3394
179	1455	3397
180	1468	3399
181	1481	3401
182	1490	3397
183	1497	3384
184	1506	3379
185	1520	3385
186	1533	3386
187	1546	3389
188	1557	3386
189	1577	3403
190	1592	3410
191	1611	3424
192	1626	3430
193	1643	3438
194	1658	3444
195	1668	3439
196	1687	3451
197	1705	3462
198	1723	3472
199	1734	3468
200	1745	3465
201	1758	3464
202	1769	3460
203	1784	3464
204	1795	3459
205	1814	3470
206	1832	3478
207	1839	3466
208	1845	3453
209	1852	3440
210	1860	3429
21211	1889	34521212	1902	34521213	1914	345214	1904	3409
215	1918	3410
216	1960	3460
21217	2039	35721218	2081	36221219	2109	3642
220	2125	36422221	2139	364222	2130	3601
22223	2192	36722224	2212	36822225	2228	36822226	2241	36822227	2261	36922228	2283	36922229	2298	369230	2278	3639
231	2301	3650
232	2324	3661
23233	2398	37523234	2426	37623235	2452	37823236	2474	37823237	2495	379238	2469	3730
239	2491	3736
240	2512	3742
241	2539	3757
242	2560	3761
243	2578	3762
244	2591	3755
245	2604	3747
246	2616	3739
247	2632	3736
248	2640	3722
249	2650	3711
250	2658	3696
251	2666	3681
252	2671	3664
253	2680	3650
254	2689	3638
255	2701	3630
256	2718	3628
257	2731	3620
258	2749	3620
259	2766	3617
260	2780	3611
261	2794	3604
262	2809	3600
263	2828	3599
264	2845	3596
265	2859	3589
266	2877	3588
267	2893	3584
26268	2959	36426269	2979	36427270	2995	363271	2983	3597
272	3003	3597
273	3015	3587
274	3026	3576
275	3035	3563
27276	3091	36027277	3105	359278	3075	3538
27279	3141	35928280	3153	35828281	3172	35728282	3189	35728283	3201	35628284	3213	35528285	3225	35428286	3244	35328287	3256	35228288	3269	35128289	3285	35129290	3305	35129291	3320	35029292	3338	3497
293	3356	3493
294	3375	3489
295	3388	3480
296	3405	34729297	3413	34529298	3422	34429299	3431	34330300	3440	34130301	3451	34030302	3463	33930303	3485	33930304	3504	33830305	3523	33830306	3539	33730307	3556	3371
308	3571	3363
309	3584	3353
310	3596	3342
311	3611	3334
312	3627	3325
313	3641	3316
314	3657	3308
315	3668	3297
316	3681	32831317	3697	3279
318	3711	3268
319	3727	3261
320	3743	3253
321	3751	3238
322	3758	3223
323	3766	3208
324	3774	3194
325	3783	3179
326	3795	31632327	3806	31532328	3818	31432329	3832	313330	3800	3088
331	3823	3086
332	3838	3077
333	3855	3070
334	3869	3060
335	3890	3057
336	3906	3048
337	3925	3042
338	3941	3034
339	3958	3027
340	3978	3021
341	3997	3015
342	4017	3010
343	4035	3002
344	4052	2995
345	4062	2981
346	4070	2967
347	4074	2950
348	4082	2936
349	4091	2922
350	4106	2912
351	4117	2901
352	4132	2891
353	4143	2879
354	4154	2867
355	4160	2851
356	4167	2837
357	4173	2821
358	4182	2807
359	4189	2792
360	4196	2778
361	4202	2763
362	4210	2748
363	4216	2733
364	4224	2719
365	4230	2704
366	4239	2691
367	4248	2678
368	4256	2664
369	4263	2650
370	4270	2636
371	4277	2621
372	4284	2607
373	4290	2592
374	4298	2578
375	4305	2564
376	4312	2550
377	4319	2536
378	4328	2523
379	4335	2509
380	4342	2495
381	4349	2482
382	4355	2467
383	4363	2454
384	4369	2440
385	4377	2426
386	4384	2413
387	4393	2400
388	4400	2386
389	4407	2373
390	4414	2359
391	4419	2345
392	4426	2331
393	4434	2318
394	4441	2305
395	4447	2291
396	4453	2277
397	4461	2264
398	4469	2251
399	4479	2239
400	4488	2227
401	4495	2214
402	4502	2201
403	4512	2188
404	4520	2176
405	4526	2162
406	4533	2149
407	4540	2136
408	4545	2122
409	4553	2110
410	4561	2097
411	4567	2084
412	4573	2070
413	4580	2057
414	4588	2045
415	4595	2032
416	4603	2020
417	4610	2007
418	4619	1995
419	4626	1982
420	4631	1969
421	4639	1956
422	4645	1943
423	4653	1931
424	4659	1918
425	4664	1905
426	4672	1893
427	4679	1880
428	4688	1868
429	4697	1856
430	4705	1845
431	4713	1833
432	4721	1820
433	4730	1809
434	4737	1796
435	4743	1784
436	4753	1772
437	4759	1760
438	4768	1748
439	4778	1737
440	4785	1725
441	4792	1713
442	4801	1701
443	4809	1689
444	4817	1678
445	4823	1665
446	4829	1652
447	4835	1640
448	4843	1628
449	4851	1617
450	4859	1605
451	4867	1593
452	4875	1581
453	4883	1570
454	4890	1558
455	4897	1546
456	4902	1534
457	4912	1523
458	4918	1510
459	4927	1499
460	4934	1487
461	4943	1476
462	4949	1464
463	4959	1453
464	4964	1441
465	4973	1430
466	4981	1418
467	4987	1406
468	4994	1395
469	5003	1384
470	5011	1372
471	5018	1360
472	5024	1348
473	5031	1337
474	5041	1326
475	5048	1315
476	5057	1304
477	5063	1292
478	5070	1280
479	5076	1269
480	5083	1257
481	5090	1246
482	5098	1235
483	5106	1223
484	5115	1212
485	5121	1201
486	5128	1189
487	5135	1178
488	5141	1167
489	5149	1156
490	5158	1145
491	5165	1133
492	5173	1122
493	5181	1111
494	5190	1101
495	5199	1090
496	5205	1078
497	5213	1067
498	5221	1056
499	5229	1045
500	5237	1034
501	5248	1024
502	5254	1013
503	5262	1002
504	5269	991
505	5278	980
506	5285	969
507	5294	958
508	5302	948
509	5309	936
510	5316	925
511	5322	914
512	5329	903
513	5338	893
514	5345	882
515	5352	871
516	5359	860
517	5365	849
518	5372	838
519	5379	827
520	5389	817
521	5396	806
522	5403	795
523	5410	784
524	5416	773
525	5424	763
526	5433	752
527	5440	741
528	5448	731
529	5456	720
530	5461	709
531	5466	698
532	5475	688
533	5481	677
534	5489	666
535	5496	656
536	5503	645
537	5510	635
538	5517	624
539	5524	613
540	5532	603
541	5539	592
542	5549	582
543	5558	572
544	5566	561
545	5574	551
546	5583	540
547	5590	530
548	5599	520
549	5605	509
550	5613	499
551	5622	488
552	5631	478
553	5638	468
554	5646	457
555	5654	447
556	5662	437
557	5670	426
558	5679	416
559	5687	406
560	5695	395
561	5703	385
562	5711	375
563	5718	365
564	5724	354
565	5732	344
566	5741	334
567	5749	323
568	5757	313
569	5766	303
570	5773	293
571	5781	283
572	5789	272
573	5796	262
574	5805	252
575	5812	242
576	5817	231
577	5825	221
578	5832	211
579	5839	201
580	5845	191
581	5852	181
582	5858	170
583	5867	160
584	5875	150
585	5884	140
586	5892	130
587	5900	120
588	5909	110
589	5919	100
590	5927	90
591	5934	80
592	5941	70
593	5948	60
594	5956	50
595	5963	40
596	5971	30
597	5977	19
598	5984	9
599	5989	0
	0
